ID,Name,Email,Department,createdAt,createdBy,modifiedAt,modifiedBy
101,Banu,banu@gmail.com,Production,,,,
102,Sivaranjani,siva@gmail.com,Marketing,,,,
103,Kavya,kavya@gmail.com,Finance,,,,
104,Muthuram,muthu@gmail.com,Development,,,,
105,Kishore,kishore@gmail.com,Training,,,,